[
  {
    "rootID": "20230921140520-7hb67zm",
    "icon": "1f3e3",
    "title": "Java数据结构"
  },
  {
    "rootID": "20230925172358-n6wgfo1",
    "icon": "",
    "title": "Spring"
  },
  {
    "rootID": "20230925172240-yvv91u9",
    "icon": "",
    "title": "垃圾回收器（Garbage Collector，GC）"
  },
  {
    "rootID": "20230922150903-nn1cqfe",
    "icon": "1f9d1-200d-1f527",
    "title": "SQL优化"
  },
  {
    "rootID": "20230920153459-6y9qqzu",
    "icon": "1f512",
    "title": "锁"
  },
  {
    "rootID": "20230921113406-04wvs0b",
    "icon": "1f332",
    "title": "Tree"
  },
  {
    "rootID": "20230920161102-artzg6e",
    "icon": "1f9f5",
    "title": "Java并发"
  },
  {
    "rootID": "20230920153751-rnt9c2d",
    "icon": "",
    "title": "JUC（java.util.concurrent）"
  },
  {
    "rootID": "20230921102118-twbdme1",
    "icon": "",
    "title": "BTree索引（B+Tree）"
  },
  {
    "rootID": "20230921112023-ghvt056",
    "icon": "",
    "title": "Data Structure"
  },
  {
    "rootID": "20230921093444-3pv07h5",
    "icon": "",
    "title": "索引"
  },
  {
    "rootID": "20230921093301-hld179p",
    "icon": "",
    "title": "DataBase"
  },
  {
    "rootID": "20230920161518-rnibxfh",
    "icon": "1f300",
    "title": "自旋锁"
  },
  {
    "rootID": "20230920172452-kl4oc30",
    "icon": "",
    "title": "原子类"
  },
  {
    "rootID": "20230920153625-nziohjn",
    "icon": "1f5fa",
    "title": "ConcurrentHashMap原理详解"
  },
  {
    "rootID": "20200825162036-4dx365o",
    "icon": "1f4f0",
    "title": "排版元素"
  },
  {
    "rootID": "20200922102318-oz84yu3",
    "icon": "",
    "title": "主题"
  },
  {
    "rootID": "20220628204444-9n0y9h2",
    "icon": "",
    "title": "优化排版"
  },
  {
    "rootID": "20230405155631-leo4vc6",
    "icon": "1f680",
    "title": "性能优化"
  },
  {
    "rootID": "20201222095049-hghafhe",
    "icon": "",
    "title": "类型过滤"
  },
  {
    "rootID": "20201222093044-rx4zjoy",
    "icon": "",
    "title": "数据库表"
  },
  {
    "rootID": "20200905090211-2vixtlf",
    "icon": "",
    "title": "内容块类型"
  },
  {
    "rootID": "20201117101902-2ewjjum",
    "icon": "",
    "title": "嵌入内容块"
  },
  {
    "rootID": "20230429114837-70asb4j",
    "icon": "1f5c2",
    "title": "术语表"
  },
  {
    "rootID": "20230920153451-7s5d6ro",
    "icon": "",
    "title": "Java"
  },
  {
    "rootID": "20230808120347-pzvmkik",
    "icon": "",
    "title": "存储空间"
  },
  {
    "rootID": "20200812220555-lj3enxa",
    "icon": "1f389",
    "title": "请从这里开始"
  }
]