{
  "assets/blockquote-20210512170136-ls06uyh.svg": "",
  "assets/code-block-20210512170024-qgn18hs.svg": "",
  "assets/custom-icon1-20210512172117-vn3htl4.png": "",
  "assets/custom-icon2-20210512172130-tsbpd4f.png": "",
  "assets/custom-theme1-20210512172221-x541iq1.png": "",
  "assets/custom-theme2-20210512172239-pcnzes0.png": "",
  "assets/doc-20210512170149-zsm2gsu.svg": "",
  "assets/heading-20210512170006-7ugwxnm.svg": "",
  "assets/html-block-20220429115636-e80k6ty.svg": "",
  "assets/image-20220119231125-qt2ooye.png": "",
  "assets/image-20220803164829-wrh3h5w.png": "",
  "assets/image-20230921104904-rikbb0w.png": "",
  "assets/image-20230921110102-te2a0xh.png": "",
  "assets/image-20230921153847-px7k3js.png": "",
  "assets/image-20230921153855-cm9n2vm.png": "",
  "assets/image-20230925145634-nrqhwq5.png": "",
  "assets/list-item-20210512170630-gqje0vb.svg": "",
  "assets/math-block-20210512170015-9v28ii5.svg": "",
  "assets/ordered-list-20210512170847-z5581gd.svg": "",
  "assets/paragraph-20210512165953-ag1nib4.svg": "",
  "assets/siyuan-128-20210604092205-djd749a.png": "",
  "assets/super-block-20210512170142-uewen14.svg": "",
  "assets/table-20210512170035-432ty41.svg": "",
  "assets/task-list-20210512170054-a0a7p2u.svg": "",
  "assets/unordered-list-20210512170043-8dzzwai.svg": "",
  "assets/weibo-20230519111041-ezla9f8.png": "",
  "https://img-blog.csdnimg.cn/52f4252ba01345d3bd56e8268471dca4.png": "",
  "https://img-blog.csdnimg.cn/d4f932bf678f42aca289130bc7506f6a.png?x-oss-process=image/watermark,type_ZHJvaWRzYW5zZmFsbGJhY2s,shadow_50,text_Q1NETiBA6aaZ5Yac5rS-5oiR5pyA54ix,size_20,color_FFFFFF,t_70,g_se,x_16": "",
  "https://img-blog.csdnimg.cn/img_convert/bd4e9c35048f622e5e74425a95c3a244.png": "",
  "https://mmbiz.qpic.cn/mmbiz/Wc4rFKffLwQIib0MwW1rPYoLhNP83EUOP34WQYibKafjZ6BibKuuZ8WUZYfBicjIgPYKXnNFPEGoO3c0xiaM0oNx1BQ/640?wx_fmt=other\u0026wxfrom=5\u0026wx_lazy=1\u0026wx_co=1": "",
  "https://mmbiz.qpic.cn/mmbiz/Wc4rFKffLwQIib0MwW1rPYoLhNP83EUOPFVDTqc4FKJgTkUGcUcD7gKlYRkx87xg0N3MdCnvQcnh6MeQgxfvWZA/640?wx_fmt=other\u0026wxfrom=5\u0026wx_lazy=1\u0026wx_co=1": "",
  "https://mmbiz.qpic.cn/mmbiz/Wc4rFKffLwQIib0MwW1rPYoLhNP83EUOPdpBiaGRsicu1iceiappklnOHuiatlU67aAkS7jxdJH2mdVvd8LJmwE1NHyw/640?wx_fmt=other\u0026wxfrom=5\u0026wx_lazy=1\u0026wx_co=1": "",
  "https://mmbiz.qpic.cn/mmbiz/Wc4rFKffLwQIib0MwW1rPYoLhNP83EUOPeqlQe9DRgvP3JVQicW1TIfCcsj90OicYPSG68cv1sJOtQIzSRrdo5rkg/640?wx_fmt=other\u0026wxfrom=5\u0026wx_lazy=1\u0026wx_co=1": "",
  "https://mmbiz.qpic.cn/mmbiz/Wc4rFKffLwQIib0MwW1rPYoLhNP83EUOPmZe8n9u4NyuL8oia3rtaoMUg8oNfMu8LkaZDhrR4HQFNG83CQwAGGWw/640?wx_fmt=other\u0026wxfrom=5\u0026wx_lazy=1\u0026wx_co=1": "",
  "https://pic1.zhimg.com/80/v2-ba73dafab6bec12bec1b1aeaf9b81f0c_720w.webp": "",
  "https://pic3.zhimg.com/80/v2-52a0c3db703e8c359a92f18d4640e51a_720w.webp": "",
  "https://pic3.zhimg.com/80/v2-8774724a717547686c33bf393c4c0ac2_720w.webp": "",
  "https://pic4.zhimg.com/80/v2-935859c31dbd355b701a4612199d577b_720w.webp": ""
}