[
  {
    "rootID": "20231112212247-rvm6qww",
    "icon": "",
    "title": "介词"
  },
  {
    "rootID": "20231019172852-fchycbp",
    "icon": "1f512",
    "title": "锁"
  },
  {
    "rootID": "20231019172852-wrbpixt",
    "icon": "1f4f6",
    "title": "网络编程"
  },
  {
    "rootID": "20231117143727-zlso8ku",
    "icon": "",
    "title": "用法"
  },
  {
    "rootID": "20231112212731-ak8exth",
    "icon": "",
    "title": "「ている」的用法"
  },
  {
    "rootID": "20231117143657-uncy3r0",
    "icon": "",
    "title": "「よう」的用法"
  },
  {
    "rootID": "20231116194805-e0mwqj3",
    "icon": "",
    "title": "被动"
  },
  {
    "rootID": "20231116194721-dx2r537",
    "icon": "",
    "title": "语法"
  },
  {
    "rootID": "20231112181439-fooi6sz",
    "icon": "",
    "title": "区分一段动词和五段动词"
  },
  {
    "rootID": "20231113114352-uq21nu9",
    "icon": "",
    "title": "同义词"
  },
  {
    "rootID": "20231113102709-qcrue8d",
    "icon": "",
    "title": "疑问句"
  },
  {
    "rootID": "20231112181404-e6sx0ct",
    "icon": "",
    "title": "动词变化"
  },
  {
    "rootID": "20231112181906-q82q9th",
    "icon": "",
    "title": "缩写"
  },
  {
    "rootID": "20231113002141-5uinfe2",
    "icon": "1f332",
    "title": "Tree"
  },
  {
    "rootID": "20231019172852-h9ip7ei",
    "icon": "",
    "title": "BTree索引（B+Tree）"
  },
  {
    "rootID": "20231019172852-rts0epf",
    "icon": "1f5c4",
    "title": "DataBase"
  },
  {
    "rootID": "20231019172852-xc1chlv",
    "icon": "1f9f5",
    "title": "Java并发"
  },
  {
    "rootID": "20231019172852-rxdl59e",
    "icon": "1f6ae",
    "title": "垃圾回收器（Garbage Collector，GC）"
  },
  {
    "rootID": "20231019172852-e36k7ug",
    "icon": "1f33f",
    "title": "Spring"
  },
  {
    "rootID": "20230924121246-hcj0459",
    "icon": "1f517",
    "title": "Syncronized"
  },
  {
    "rootID": "20231112181253-fk1rl7e",
    "icon": "",
    "title": "  日本語"
  }
]