{
  "assets/blockquote-20210512170136-ls06uyh.svg": "",
  "assets/code-block-20210512170024-qgn18hs.svg": "",
  "assets/custom-icon1-20210512172117-vn3htl4.png": "",
  "assets/custom-icon2-20210512172130-tsbpd4f.png": "",
  "assets/custom-theme1-20210512172221-x541iq1.png": "",
  "assets/custom-theme2-20210512172239-pcnzes0.png": "",
  "assets/doc-20210512170149-zsm2gsu.svg": "",
  "assets/heading-20210512170006-7ugwxnm.svg": "",
  "assets/html-block-20220429115636-e80k6ty.svg": "",
  "assets/image-20220119231125-qt2ooye.png": "",
  "assets/image-20220803164829-wrh3h5w.png": "",
  "assets/image-20230921104904-rikbb0w.png": "",
  "assets/image-20230921110102-te2a0xh.png": "",
  "assets/image-20230921153847-px7k3js.png": "",
  "assets/image-20230921153855-cm9n2vm.png": "",
  "assets/image-20230925145634-nrqhwq5.png": "",
  "assets/image-20230926093950-r65gz4q.png": "",
  "assets/image-20230926094053-4fj39ki.png": "",
  "assets/image-20230926094222-32yi8cb.png": "",
  "assets/image-20230926094232-x8mh334.png": "",
  "assets/image-20230926094247-u7pix8d.png": "",
  "assets/image-20230926094254-n4v2zp4.png": "",
  "assets/image-20230926094533-7pdeqnk.png": "",
  "assets/image-20230926094613-qaunqyq.png": "",
  "assets/image-20230926142103-nvrt027.png": "",
  "assets/image-20230926142300-73k1yy5.png": "",
  "assets/image-20230926142357-4hqo3mj.png": "",
  "assets/image-20230926142426-t1rarqp.png": "",
  "assets/image-20230926142528-6ed0yow.png": "",
  "assets/image-20230926142607-wpahv2v.png": "",
  "assets/image-20230926142612-2em5lx9.png": "",
  "assets/image-20230926142946-jaskjm1.png": "",
  "assets/image-20230926142956-hc5h9yy.png": "",
  "assets/image-20230926143017-nhp1ndy.png": "",
  "assets/image-20230926143027-v3n9atm.png": "",
  "assets/image-20230926143035-7l6k69u.png": "",
  "assets/image-20230926143052-sopzyej.png": "",
  "assets/image-20230926143153-syfpc03.png": "",
  "assets/image-20230926143238-jq9pxou.png": "",
  "assets/image-20230926145624-9lupd1m.png": "",
  "assets/image-20230926145733-6xxmw9t.png": "",
  "assets/image-20230926145745-1870dq1.png": "",
  "assets/image-20230926145810-2gq2hh3.png": "",
  "assets/image-20230926145839-uqdi3s9.png": "",
  "assets/image-20230926151657-63x63ba.png": "",
  "assets/image-20231007093852-i1pj67a.png": "",
  "assets/image-20231007103958-m5sc7u2.png": "",
  "assets/image-20231007104013-pg9ugnc.png": "",
  "assets/image-20231007104017-tp1w4g0.png": "",
  "assets/image-20231007104129-uaq96rf.png": "",
  "assets/image-20231007104149-an5swwy.png": "",
  "assets/image-20231007104452-7osy2cb.png": "",
  "assets/image-20231008104136-ox5fvpn.png": "",
  "assets/image-20231008104233-qbg12pi.png": "",
  "assets/image-20231008104242-19sm3v9.png": "",
  "assets/image-20231008104256-c8ey3dl.png": "",
  "assets/image-20231008104727-qwnadi6.png": "",
  "assets/image-20231008111507-axk4t1g.png": "",
  "assets/image-20231008111514-6l87wb3.png": "",
  "assets/image-20231008111620-j0fo664.png": "",
  "assets/image-20231008111649-wc4ev03.png": "",
  "assets/image-20231008111700-hpml1gz.png": "",
  "assets/image-20231008111718-0zvdk1f.png": "",
  "assets/image-20231008112156-45wb985.png": "",
  "assets/image-20231008112204-6jcj7zi.png": "",
  "assets/image-20231008112359-ly3mm9j.png": "",
  "assets/image-20231008112451-pc7ffy7.png": "",
  "assets/image-20231008112557-6s6oyit.png": "",
  "assets/image-20231008112621-digdrko.png": "",
  "assets/image-20231008112627-ylngeei.png": "",
  "assets/image-20231008112815-rzofzgt.png": "",
  "assets/image-20231008112821-ld339v7.png": "",
  "assets/image-20231008112900-6fba6a6.png": "",
  "assets/list-item-20210512170630-gqje0vb.svg": "",
  "assets/math-block-20210512170015-9v28ii5.svg": "",
  "assets/ordered-list-20210512170847-z5581gd.svg": "",
  "assets/paragraph-20210512165953-ag1nib4.svg": "",
  "assets/siyuan-128-20210604092205-djd749a.png": "",
  "assets/super-block-20210512170142-uewen14.svg": "",
  "assets/table-20210512170035-432ty41.svg": "",
  "assets/task-list-20210512170054-a0a7p2u.svg": "",
  "assets/unordered-list-20210512170043-8dzzwai.svg": "",
  "assets/weibo-20230519111041-ezla9f8.png": "",
  "assets/日语动词-20231112181445-xjck5ah.webp": "",
  "https://img-blog.csdnimg.cn/52f4252ba01345d3bd56e8268471dca4.png": "",
  "https://img-blog.csdnimg.cn/d4f932bf678f42aca289130bc7506f6a.png?x-oss-process=image/watermark,type_ZHJvaWRzYW5zZmFsbGJhY2s,shadow_50,text_Q1NETiBA6aaZ5Yac5rS-5oiR5pyA54ix,size_20,color_FFFFFF,t_70,g_se,x_16": "",
  "https://img-blog.csdnimg.cn/img_convert/bd4e9c35048f622e5e74425a95c3a244.png": "",
  "https://mmbiz.qpic.cn/mmbiz/Wc4rFKffLwQIib0MwW1rPYoLhNP83EUOP34WQYibKafjZ6BibKuuZ8WUZYfBicjIgPYKXnNFPEGoO3c0xiaM0oNx1BQ/640?wx_fmt=other\u0026wxfrom=5\u0026wx_lazy=1\u0026wx_co=1": "",
  "https://mmbiz.qpic.cn/mmbiz/Wc4rFKffLwQIib0MwW1rPYoLhNP83EUOPFVDTqc4FKJgTkUGcUcD7gKlYRkx87xg0N3MdCnvQcnh6MeQgxfvWZA/640?wx_fmt=other\u0026wxfrom=5\u0026wx_lazy=1\u0026wx_co=1": "",
  "https://mmbiz.qpic.cn/mmbiz/Wc4rFKffLwQIib0MwW1rPYoLhNP83EUOPdpBiaGRsicu1iceiappklnOHuiatlU67aAkS7jxdJH2mdVvd8LJmwE1NHyw/640?wx_fmt=other\u0026wxfrom=5\u0026wx_lazy=1\u0026wx_co=1": "",
  "https://mmbiz.qpic.cn/mmbiz/Wc4rFKffLwQIib0MwW1rPYoLhNP83EUOPeqlQe9DRgvP3JVQicW1TIfCcsj90OicYPSG68cv1sJOtQIzSRrdo5rkg/640?wx_fmt=other\u0026wxfrom=5\u0026wx_lazy=1\u0026wx_co=1": "",
  "https://nimg.ws.126.net/?url=http%3A%2F%2Fdingyue.ws.126.net%2F2022%2F0418%2F95b61f9ej00raj3xu0020d000m800cip.jpg\u0026thumbnail=660x2147483647\u0026quality=80\u0026type=jpg": "",
  "https://pic1.zhimg.com/80/v2-73216690f84a640a0f47a14b09f04654_720w.webp": "",
  "https://pic1.zhimg.com/80/v2-ba73dafab6bec12bec1b1aeaf9b81f0c_720w.webp": "",
  "https://pic3.zhimg.com/80/v2-52a0c3db703e8c359a92f18d4640e51a_720w.webp": "",
  "https://pic4.zhimg.com/80/v2-4f5959bd5211e24fc34c112d84cffbf3_720w.webp": "",
  "https://pic4.zhimg.com/80/v2-7cd7acdfec529f7ba35d1625e77b5423_720w.webp": "",
  "https://pic4.zhimg.com/80/v2-935859c31dbd355b701a4612199d577b_720w.webp": "",
  "https://pic4.zhimg.com/80/v2-b5c88e55240e498cc96a48ef17a40c43_720w.webp": ""
}